date,dem_estimate,dem_hi,dem_lo,rep_estimate,rep_hi,rep_lo
2018-10-16,49.49345,54.03783,44.94907,40.89948,44.69088,37.10807
2018-10-15,49.54742,54.0787,45.01613,40.92458,44.70844,37.14072
2018-10-14,50.34974,54.81253,45.88695,41.58846,45.28556,37.89137
2018-10-13,49.91584,54.21974,45.61195,41.49424,45.22343,37.76504
2018-10-12,49.86118,54.16308,45.55927,41.46049,45.18385,37.73714
2018-10-11,49.73205,54.05781,45.40629,41.42537,45.17065,37.6801
2018-10-10,49.6383,53.93652,45.34008,41.39679,45.16863,37.62494
2018-10-09,49.50788,53.83218,45.18359,41.28965,45.03801,37.5413
2018-10-08,49.18105,53.38228,44.97981,41.42923,45.16093,37.69753
2018-10-07,49.18623,53.40071,44.97175,41.41088,45.14998,37.67178
2018-10-06,49.18753,53.414,44.96105,41.39424,45.14048,37.64799
2018-10-05,49.1426,53.39795,44.88725,41.33501,45.10589,37.56414
2018-10-04,49.01933,53.30177,44.73689,41.34945,45.13654,37.56235
2018-10-03,49.30263,53.59593,45.00933,41.26046,45.05534,37.46558
2018-10-02,49.42597,53.78635,45.0656,41.08334,44.92615,37.24052
2018-10-01,49.39236,53.84511,44.93961,40.97352,44.86056,37.08648
2018-09-30,49.55196,54.04552,45.0584,40.93609,44.7865,37.08568
2018-09-29,49.61386,54.13513,45.09259,40.95899,44.82765,37.09032
2018-09-28,49.62444,54.16703,45.08184,40.94309,44.8299,37.05629
2018-09-27,49.60345,54.14491,45.06199,40.92422,44.81195,37.0365
2018-09-26,49.50957,54.07431,44.94483,40.90758,44.82239,36.99277
2018-09-25,49.4426,53.92501,44.9602,40.98256,44.90781,37.05731
2018-09-24,49.39797,53.86749,44.92845,40.88258,44.79239,36.97278
2018-09-23,49.37062,53.84042,44.90083,40.85016,44.76044,36.93987
2018-09-22,49.34122,53.88187,44.80058,40.50631,44.41939,36.59323
2018-09-21,49.31567,53.85222,44.77912,40.49044,44.40353,36.57735
2018-09-20,49.2225,53.77515,44.66985,40.35767,44.28355,36.4318
2018-09-19,49.2005,53.7515,44.64949,40.34584,44.27185,36.41984
2018-09-18,49.21309,53.75751,44.66867,40.18597,44.11503,36.25692
2018-09-17,48.99541,53.52506,44.46576,39.89773,43.87387,35.92159
2018-09-16,49.00679,53.52383,44.48976,39.90728,43.88107,35.93348
2018-09-15,48.9885,53.50552,44.47148,39.90475,43.87831,35.93119
2018-09-14,48.9038,53.42683,44.38077,39.81883,43.79385,35.84381
2018-09-13,48.81726,53.33866,44.29586,39.70305,43.697,35.7091
2018-09-12,48.76472,53.26033,44.26911,39.64524,43.64305,35.64743
2018-09-11,48.49887,52.99067,44.00707,39.86387,43.90548,35.82226
2018-09-10,48.3873,52.8979,43.8767,39.88277,43.89141,35.87413
2018-09-09,48.37365,52.88044,43.86686,39.88341,43.89072,35.87609
2018-09-08,48.35781,52.86075,43.85488,39.88356,43.88865,35.87848
2018-09-07,48.27982,52.77792,43.78171,39.85139,43.85128,35.85151
2018-09-06,48.26617,52.76,43.77235,39.85282,43.85049,35.85515
2018-09-05,48.27547,52.93398,43.61697,39.88828,43.89308,35.88348
2018-09-04,48.46371,53.18198,43.74543,39.58911,43.55537,35.62286
2018-09-03,48.43446,53.15063,43.7183,39.59993,43.55536,35.64449
2018-09-02,48.41163,53.12415,43.69912,39.61753,43.56356,35.6715
2018-09-01,48.39962,53.10493,43.6943,39.62589,43.56884,35.68295
2018-08-31,48.27784,52.87735,43.67833,39.72888,43.71498,35.74278
2018-08-30,48.15388,52.75434,43.55341,39.8229,43.86985,35.77594
2018-08-29,47.892,52.39288,43.39112,39.99734,44.1085,35.88619
2018-08-28,47.5998,52.11,43.0896,39.93839,44.08101,35.79576
2018-08-27,47.62898,52.15539,43.10257,39.89221,43.99021,35.79421
2018-08-26,47.6187,52.14762,43.08978,39.91088,43.99414,35.82761
2018-08-25,47.55927,52.10081,43.01772,39.96797,44.00596,35.92998
2018-08-24,47.59828,52.12496,43.07159,40.01119,44.05209,35.97029
2018-08-23,47.53631,52.1072,42.96542,40.0359,44.08677,35.98502
2018-08-22,47.43257,52.00641,42.85873,40.00755,44.06594,35.94915
2018-08-21,47.26329,51.85921,42.66737,40.20641,44.29277,36.12006
2018-08-20,47.29074,51.86788,42.71361,40.19828,44.28444,36.11212
2018-08-19,47.31778,51.94456,42.69099,40.00544,44.06649,35.94439
2018-08-18,47.30467,51.91375,42.69559,40.0119,44.06108,35.96272
2018-08-17,47.36814,51.94454,42.79174,39.99181,44.04642,35.93721
2018-08-16,47.43818,52.00612,42.87024,39.92498,43.95216,35.8978
2018-08-15,47.43474,52.0014,42.86808,39.91454,43.94508,35.884
2018-08-14,47.39696,51.97635,42.81757,39.82879,43.89033,35.76725
2018-08-13,47.35593,51.89488,42.81699,39.83783,43.79423,35.88142
2018-08-12,47.39194,51.88234,42.90155,40.0061,44.06385,35.94836
2018-08-11,47.39246,51.88272,42.90219,40.00117,44.06069,35.94165
2018-08-10,47.34887,51.83948,42.85827,40.04662,44.06823,36.02501
2018-08-09,47.21203,51.74551,42.67856,40.05372,44.08188,36.02557
2018-08-08,47.41878,51.88039,42.95718,40.09,44.12787,36.05214
2018-08-07,47.42613,51.86687,42.98539,39.97132,44.01565,35.927
2018-08-06,47.43393,51.87069,42.99717,40.00779,44.04961,35.96597
2018-08-05,47.55233,52.00448,43.10017,40.08578,44.14536,36.02619
2018-08-04,47.54966,51.99789,43.10143,40.07356,44.13397,36.01315
2018-08-03,47.53208,51.97995,43.08421,40.06615,44.12387,36.00843
2018-08-02,47.66333,52.16431,43.16235,39.78497,43.7092,35.86073
2018-08-01,47.65684,52.15482,43.15885,39.79767,43.71934,35.876
2018-07-31,47.51676,52.05291,42.98061,39.7508,43.68732,35.81429
2018-07-30,47.49802,52.03376,42.96227,39.75301,43.69566,35.81037
2018-07-29,47.50089,52.0288,42.97297,39.75898,43.70413,35.81384
2018-07-28,47.50011,52.0245,42.97572,39.76027,43.71062,35.80992
2018-07-27,47.4845,51.90416,43.06485,39.72698,43.65805,35.79591
2018-07-26,47.54413,51.9934,43.09486,39.81251,43.79156,35.83346
2018-07-25,47.63661,52.06102,43.2122,39.86083,43.82201,35.89966
2018-07-24,47.60485,52.02708,43.18262,39.82034,43.78763,35.85304
2018-07-23,47.5472,51.92635,43.16805,39.91171,43.91448,35.90894
2018-07-22,47.48398,51.93199,43.03597,40.00857,44.06918,35.94796
2018-07-21,47.47873,51.92233,43.03514,40.00333,44.05993,35.94674
2018-07-20,47.47865,51.91496,43.04235,39.98936,44.04593,35.9328
2018-07-19,47.50093,51.92836,43.07349,39.96711,44.04183,35.8924
2018-07-18,47.50298,51.93502,43.07093,39.78427,43.85183,35.71672
2018-07-17,47.44537,51.88462,43.00612,39.76511,43.83305,35.69718
2018-07-16,47.44963,51.89267,43.0066,39.75103,43.83281,35.66926
2018-07-15,47.44495,51.89284,42.99706,39.76714,43.83944,35.69485
2018-07-14,47.38539,51.83419,42.93658,39.81599,43.85309,35.77889
2018-07-13,47.38085,51.83177,42.92993,39.82067,43.8532,35.78815
2018-07-12,47.37926,51.84542,42.91311,39.80888,43.84988,35.76787
2018-07-11,47.28852,51.793,42.78403,39.8094,43.88106,35.73775
2018-07-10,47.27541,51.76612,42.7847,39.80585,43.87992,35.73178
2018-07-09,47.25459,51.75397,42.7552,39.81425,43.88815,35.74036
2018-07-08,47.20154,51.71656,42.68652,39.84469,43.9021,35.78729
2018-07-07,47.07055,51.60041,42.54069,39.78559,43.83632,35.73486
2018-07-06,47.08386,51.60384,42.56388,39.78066,43.83595,35.72537
2018-07-05,47.03872,51.56688,42.51056,39.80405,43.85634,35.75176
2018-07-04,47.01743,51.55932,42.47553,39.82418,43.87143,35.77692
2018-07-03,47.05208,51.56647,42.53769,39.77711,43.84439,35.70984
2018-07-02,47.21173,51.81963,42.60382,40.23428,44.3273,36.14127
2018-07-01,47.24374,51.84985,42.63763,40.22647,44.35239,36.10054
2018-06-30,47.21287,51.82846,42.59727,40.2384,44.35629,36.1205
2018-06-29,47.15815,51.79168,42.52462,40.31274,44.43991,36.18557
2018-06-28,47.10217,51.75872,42.44562,40.35971,44.4674,36.25203
2018-06-27,47.09274,51.75222,42.43326,40.36032,44.4679,36.25274
2018-06-26,47.06797,51.73865,42.39728,40.32657,44.44699,36.20615
2018-06-25,47.08527,51.75663,42.41392,40.36627,44.47956,36.25298
2018-06-24,47.04902,51.73301,42.36502,40.37884,44.49022,36.26746
2018-06-23,47.05939,51.73369,42.38508,40.36151,44.47962,36.24339
2018-06-22,47.08899,51.73313,42.44485,40.36047,44.47281,36.24812
2018-06-21,47.08809,51.73952,42.43667,40.36769,44.47559,36.2598
2018-06-20,47.15706,51.7123,42.60182,40.37374,44.46874,36.27875
2018-06-19,47.16434,51.71672,42.61196,40.345,44.42285,36.26715
2018-06-18,46.92882,51.43382,42.42383,40.204,44.34378,36.06422
2018-06-17,46.84512,51.36485,42.32538,39.93852,44.0452,35.83184
2018-06-16,46.83046,51.3515,42.30941,39.92935,44.03614,35.82256
2018-06-15,46.81545,51.34614,42.28477,39.9239,44.03479,35.81301
2018-06-14,46.83357,51.36668,42.30046,39.89617,44.02163,35.7707
2018-06-13,46.82337,51.38597,42.26077,39.85603,44.01265,35.69942
2018-06-12,46.75312,51.34893,42.15731,39.70761,43.84181,35.57341
2018-06-11,46.75534,51.354,42.15667,39.71624,43.84764,35.58483
2018-06-10,46.8406,51.47322,42.20797,39.69089,43.86197,35.5198
2018-06-09,46.81264,51.4494,42.17587,39.69417,43.85982,35.52852
2018-06-08,46.79914,51.43642,42.16186,39.69992,43.85867,35.54118
2018-06-07,46.80874,51.45416,42.16331,39.71898,43.88623,35.55174
2018-06-06,46.69038,51.38218,41.99857,39.77732,44.01136,35.54329
2018-06-05,46.47167,51.23,41.71334,39.75983,44.07817,35.4415
2018-06-04,46.2257,50.96383,41.48757,39.91348,44.25325,35.5737
2018-06-03,46.21475,50.95419,41.47532,39.89201,44.23311,35.55092
2018-06-02,46.21275,50.9515,41.47399,39.89073,44.22675,35.55471
2018-06-01,46.21207,50.94983,41.47432,39.90821,44.23281,35.5836
2018-05-31,46.23293,50.96165,41.5042,39.88438,44.21867,35.5501
2018-05-30,46.10417,50.86359,41.34476,39.83806,44.1899,35.48622
2018-05-29,46.11132,50.85212,41.37053,39.80723,44.16349,35.45097
2018-05-28,46.09618,50.84082,41.35154,39.81301,44.16113,35.46489
2018-05-27,46.08905,50.83543,41.34266,39.81036,44.15398,35.46674
2018-05-26,46.07925,50.8287,41.3298,39.80996,44.14856,35.47137
2018-05-25,46.14129,50.88081,41.40178,39.76337,44.09912,35.42762
2018-05-24,46.12297,50.87761,41.36832,39.77745,44.10492,35.44998
2018-05-23,46.13202,50.88789,41.37615,39.79304,44.11472,35.47136
2018-05-22,46.07117,50.84816,41.29418,39.77067,44.11824,35.4231
2018-05-21,46.04586,50.84092,41.2508,39.7601,44.09922,35.42099
2018-05-20,46.05411,50.85458,41.25364,39.77643,44.12007,35.43279
2018-05-19,46.06415,50.85892,41.26937,39.78471,44.12284,35.44658
2018-05-18,46.10431,50.86804,41.34057,39.73747,44.07092,35.40402
2018-05-17,46.22789,50.95861,41.49717,39.64988,43.97408,35.32568
2018-05-16,46.24611,50.97157,41.52065,39.65336,43.97597,35.33075
2018-05-15,46.26033,50.96389,41.55677,39.62316,43.95172,35.2946
2018-05-14,46.27554,50.965,41.58607,39.6066,43.94401,35.26918
2018-05-13,46.28752,50.97798,41.59706,39.61033,43.94365,35.277
2018-05-12,46.47314,51.09911,41.84717,39.7961,44.06429,35.52792
2018-05-11,46.4877,51.10368,41.87173,39.78112,44.04868,35.51355
2018-05-10,46.50019,51.13237,41.868,39.78874,44.07327,35.50421
2018-05-09,46.50656,51.14074,41.87238,39.78256,44.06725,35.49788
2018-05-08,46.47765,51.10765,41.84765,39.80046,44.07157,35.52935
2018-05-07,46.49361,51.11238,41.87484,39.80471,44.07347,35.53595
2018-05-06,46.50331,51.12349,41.88313,39.80382,44.07006,35.53757
2018-05-05,46.42875,51.0743,41.7832,39.56688,43.81007,35.32369
2018-05-04,46.43562,51.07802,41.79322,39.55251,43.79475,35.31028
2018-05-03,46.44898,51.08417,41.81379,39.54507,43.78496,35.30518
2018-05-02,46.47076,51.10143,41.84008,39.53321,43.77526,35.29116
2018-05-01,46.42495,51.06973,41.78016,39.35315,43.57006,35.13623
2018-04-30,46.31256,51.04544,41.57968,39.401,43.694,35.108
2018-04-29,46.32864,51.05556,41.60172,39.38965,43.68118,35.09812
2018-04-28,46.35317,51.07169,41.63465,39.36635,43.66395,35.06875
2018-04-27,46.36495,51.08158,41.64832,39.35692,43.65432,35.05952
2018-04-26,46.36247,51.08077,41.64417,39.37968,43.65871,35.10065
2018-04-25,46.36671,51.09131,41.64212,39.36832,43.65155,35.08509
2018-04-24,46.37143,51.12352,41.61934,39.44467,43.72932,35.16002
2018-04-23,46.33306,51.09842,41.56771,39.47554,43.75147,35.1996
2018-04-22,46.3475,51.11982,41.57517,39.45456,43.71977,35.18935
2018-04-21,46.3731,51.13258,41.61363,39.44967,43.71074,35.18859
2018-04-20,46.38479,51.13932,41.63026,39.44077,43.69954,35.18201
2018-04-19,46.41095,51.15641,41.66549,39.41296,43.68137,35.14454
2018-04-18,46.40631,51.15928,41.65335,39.42036,43.67988,35.16083
2018-04-17,46.37455,51.12628,41.62283,39.41985,43.67776,35.16193
2018-04-16,46.38543,51.1343,41.63655,39.41116,43.66693,35.15538
2018-04-15,46.38819,51.13607,41.64031,39.40228,43.65635,35.1482
2018-04-14,46.37459,51.13251,41.61668,39.40671,43.65611,35.1573
2018-04-13,46.48195,51.24854,41.71537,39.40103,43.67759,35.12447
2018-04-12,46.49456,51.26351,41.72561,39.38755,43.66737,35.10773
2018-04-11,46.58643,51.44667,41.72618,39.21338,43.47508,34.95168
2018-04-10,46.5461,51.42007,41.67212,39.20788,43.47252,34.94324
2018-04-09,46.72337,51.62417,41.82257,39.0522,43.30186,34.80254
2018-04-08,46.7249,51.62884,41.82095,39.06021,43.3026,34.81781
2018-04-07,46.70015,51.60274,41.79757,39.09188,43.31795,34.86582
2018-04-06,46.70024,51.60123,41.79926,39.0902,43.31296,34.86744
2018-04-05,46.71111,51.60689,41.81532,39.09278,43.30916,34.87641
2018-04-04,46.70033,51.60303,41.79763,39.10566,43.31159,34.89973
2018-04-03,46.68593,51.5844,41.78747,39.11213,43.30856,34.9157
2018-04-02,46.70887,51.63428,41.78346,39.09925,43.30256,34.89594
2018-04-01,46.72857,51.6398,41.81734,39.1049,43.30571,34.90409
2018-03-31,46.7233,51.634,41.8126,39.11862,43.3093,34.92794
2018-03-30,46.70646,51.62552,41.7874,39.12246,43.31451,34.9304
2018-03-29,46.67097,51.6167,41.72524,39.18523,43.35739,35.01307
2018-03-28,46.66772,51.61926,41.71617,39.16816,43.3466,34.98971
2018-03-27,46.67427,51.60734,41.74121,39.18334,43.35529,35.0114
2018-03-26,46.67506,51.61232,41.7378,39.17179,43.34961,34.99398
2018-03-25,46.84126,51.77462,41.90791,39.22664,43.38103,35.07225
2018-03-24,46.85258,51.77856,41.92659,39.22908,43.37581,35.08235
2018-03-23,46.8606,51.78071,41.94049,39.23586,43.37241,35.09931
2018-03-22,46.85246,51.78166,41.92326,39.26216,43.38385,35.14047
2018-03-21,47.09695,52.09459,42.09932,39.15152,43.3179,34.98515
2018-03-20,47.09993,52.11384,42.08603,38.94453,43.07731,34.81175
2018-03-19,47.13425,52.14838,42.12012,38.9003,43.02425,34.77635
2018-03-18,47.1306,52.14238,42.11882,38.903,43.0238,34.7822
2018-03-17,47.15503,52.15099,42.15907,38.89455,43.01457,34.77452
2018-03-16,47.16309,52.15373,42.17245,38.8666,42.99429,34.73891
2018-03-15,47.14837,52.14024,42.15649,38.87471,42.99543,34.75399
2018-03-14,47.03365,52.04222,42.02507,38.89949,43.05367,34.74531
2018-03-13,47.01274,52.0192,42.00629,38.86286,43.02062,34.70509
2018-03-12,47.00048,52.01152,41.98943,38.87954,43.03994,34.71913
2018-03-11,46.98077,52.00034,41.9612,38.92477,43.05949,34.79006
2018-03-10,46.99594,52.00527,41.9866,38.9125,43.04789,34.77712
2018-03-09,47.00069,52.00618,41.99519,38.91505,43.04741,34.78269
2018-03-08,46.91534,51.93919,41.89148,38.87531,43.03333,34.71728
2018-03-07,46.92503,51.94734,41.90271,38.85964,43.02565,34.69364
2018-03-06,46.91282,51.9356,41.89004,38.80971,42.99559,34.62383
2018-03-05,46.78538,51.86689,41.70386,38.7655,42.98043,34.55056
2018-03-04,46.79808,51.89559,41.70058,38.72456,42.94746,34.50165
2018-03-03,46.7919,51.88952,41.69429,38.72554,42.94532,34.50576
2018-03-02,46.78574,51.88432,41.68716,38.7306,42.94479,34.51641
2018-03-01,46.79082,51.89021,41.69144,38.74345,42.94979,34.53711
2018-02-28,46.79723,51.89914,41.69532,38.77857,42.97525,34.58188
2018-02-27,46.81314,51.89689,41.72939,38.75236,42.9492,34.55552
2018-02-26,46.82825,51.90304,41.75346,38.74363,42.94245,34.54481
2018-02-25,46.83357,51.90569,41.76145,38.74041,42.938,34.54282
2018-02-24,46.83595,51.95789,41.71401,39.0286,43.13103,34.92617
2018-02-23,46.64828,51.6775,41.61906,39.13171,43.27573,34.98768
2018-02-22,46.84313,51.86729,41.81897,39.20059,43.38561,35.01557
2018-02-21,46.90672,51.95732,41.85612,39.20171,43.40482,34.9986
2018-02-20,47.06588,52.10902,42.02274,39.29988,43.52615,35.07361
2018-02-19,47.2402,52.1674,42.313,39.49736,43.75471,35.24001
2018-02-18,47.25168,52.17363,42.32973,39.48896,43.74266,35.23525
2018-02-17,47.26066,52.17825,42.34308,39.48278,43.73254,35.23303
2018-02-16,47.26269,52.17995,42.34543,39.46323,43.71388,35.21258
2018-02-15,47.26955,52.18425,42.35486,39.44693,43.69771,35.19615
2018-02-14,47.28751,52.19888,42.37614,39.42395,43.68413,35.16377
2018-02-13,47.42559,52.43351,42.41766,39.4793,43.77264,35.18596
2018-02-12,47.48478,52.45538,42.51419,39.46428,43.7635,35.16506
2018-02-11,47.47816,52.46553,42.4908,39.41037,43.71265,35.10809
2018-02-10,47.48069,52.46711,42.49426,39.41068,43.70792,35.11343
2018-02-09,47.47443,52.47606,42.4728,39.40509,43.70111,35.10907
2018-02-08,47.50582,52.49343,42.51822,39.37261,43.67548,35.06974
2018-02-07,47.48244,52.54284,42.42205,39.30711,43.64137,34.97286
2018-02-06,47.46634,52.53044,42.40224,39.26204,43.61008,34.914
2018-02-05,47.51415,52.59759,42.43072,39.18943,43.55932,34.81954
2018-02-04,47.53385,52.60375,42.46394,39.18093,43.55308,34.80878
2018-02-03,47.50747,52.5946,42.42035,39.1833,43.54673,34.81987
2018-02-02,47.597,52.73781,42.45619,39.08243,43.46571,34.69915
2018-02-01,47.63219,52.75559,42.5088,39.06191,43.44957,34.67425
2018-01-31,47.69401,52.83233,42.55569,39.06176,43.46323,34.66029
2018-01-30,47.78317,52.97161,42.59473,38.64938,42.90512,34.39365
2018-01-29,47.78609,52.97134,42.60085,38.62793,42.89108,34.36478
2018-01-28,47.79697,52.97546,42.61848,38.63324,42.88751,34.37897
2018-01-27,47.79525,52.97779,42.61271,38.63848,42.89066,34.38629
2018-01-26,47.79052,52.97801,42.60303,38.62988,42.88634,34.37341
2018-01-25,47.92202,53.11478,42.72927,38.71304,42.98888,34.4372
2018-01-24,47.92277,53.11767,42.72787,38.71713,42.99088,34.44338
2018-01-23,48.24182,53.4546,43.02905,38.74224,43.10742,34.37707
2018-01-22,48.24507,53.45753,43.0326,38.72936,43.10009,34.35863
2018-01-21,48.25585,53.4581,43.0536,38.73229,43.10162,34.36296
2018-01-20,48.273,53.4641,43.08189,38.73733,43.10747,34.36718
2018-01-19,48.28159,53.46718,43.09599,38.72799,43.10181,34.35418
2018-01-18,48.15435,53.33796,42.97074,38.48107,42.7937,34.16843
2018-01-17,48.15833,53.37236,42.94429,38.34714,42.60606,34.08822
2018-01-16,48.26394,53.46268,43.0652,38.22751,42.53405,33.92097
2018-01-15,48.03065,53.19923,42.86207,38.25537,42.62368,33.88706
2018-01-14,48.03152,53.19559,42.86745,38.26104,42.62431,33.89777
2018-01-13,48.05683,53.20351,42.91016,38.25809,42.61977,33.89641
2018-01-12,48.06543,53.21025,42.9206,38.21721,42.59898,33.83543
2018-01-11,48.33924,53.57701,43.10148,38.14741,42.56687,33.72794
2018-01-10,48.6255,53.94164,43.30936,37.89214,42.34709,33.4372
2018-01-09,48.55241,53.85519,43.24963,37.94481,42.41383,33.47578
2018-01-08,48.51591,53.82587,43.20596,37.95904,42.41975,33.49832
2018-01-07,48.51248,53.82057,43.2044,37.97083,42.431,33.51065
2018-01-06,48.49473,53.80849,43.18097,37.96519,42.43136,33.49902
2018-01-05,48.49417,53.80641,43.18194,37.97926,42.4444,33.51413
2018-01-04,48.48629,53.7977,43.17488,37.98395,42.44541,33.5225
2018-01-03,48.50164,53.79958,43.2037,37.97363,42.44307,33.50418
2018-01-02,48.51877,53.79361,43.24394,37.96014,42.42159,33.49869
2018-01-01,48.50778,53.78231,43.23325,37.96498,42.42746,33.50249
2017-12-31,48.51574,53.78023,43.25126,37.94475,42.41711,33.47239
2017-12-30,48.50792,53.7691,43.24673,37.95273,42.4194,33.48605
2017-12-29,48.4839,53.74714,43.22066,37.94307,42.41747,33.46867
2017-12-28,48.47293,53.73378,43.21209,37.94341,42.42021,33.46662
2017-12-27,48.46405,53.72536,43.20273,37.96007,42.42842,33.49172
2017-12-26,48.4292,53.69926,43.15915,37.94717,42.41217,33.48216
2017-12-25,48.40578,53.67636,43.13519,37.96045,42.41489,33.506
2017-12-24,48.40422,53.66946,43.13898,37.96964,42.41867,33.5206
2017-12-23,48.40252,53.66295,43.1421,37.98666,42.42172,33.55159
2017-12-22,48.3737,53.63493,43.11246,38.00539,42.4268,33.58397
2017-12-21,48.35318,53.61423,43.09214,38.00803,42.42909,33.58698
2017-12-20,48.32661,53.59135,43.06188,38.00767,42.43534,33.57999
2017-12-19,48.26616,53.54711,42.98521,38.01693,42.43037,33.60348
2017-12-18,48.18371,53.48435,42.88306,37.99016,42.38146,33.59886
2017-12-17,47.82648,53.0069,42.64605,38.10561,42.58094,33.63028
2017-12-16,47.82225,53.06399,42.58052,38.15981,42.65195,33.66767
2017-12-15,47.73533,52.98689,42.48377,38.20153,42.73064,33.67243
2017-12-14,47.73382,52.98552,42.48212,38.19808,42.73386,33.6623
2017-12-13,47.73129,52.98346,42.47913,38.21791,42.7457,33.69011
2017-12-12,47.26692,52.53597,41.99787,38.24041,42.84674,33.63407
2017-12-11,47.35574,52.6347,42.07677,38.27531,42.91571,33.63491
2017-12-10,47.36322,52.63396,42.09249,38.286,42.91858,33.65342
2017-12-09,47.34858,52.6202,42.07696,38.30655,42.92607,33.68702
2017-12-08,47.34711,52.61848,42.07574,38.31927,42.93498,33.70356
2017-12-07,47.07638,52.36336,41.78941,38.41838,43.07991,33.75685
2017-12-06,47.0742,52.3625,41.78589,38.44319,43.09817,33.78822
2017-12-05,47.06554,52.35154,41.77953,38.41041,43.0744,33.74643
2017-12-04,47.04211,52.34644,41.73779,38.5934,43.29017,33.89662
2017-12-03,47.10354,52.38217,41.82491,38.55193,43.26062,33.84323
2017-12-02,47.10472,52.37866,41.83079,38.55525,43.25871,33.85178
2017-12-01,47.11381,52.38031,41.84731,38.53508,43.24498,33.82519
2017-11-30,47.09934,52.37005,41.82863,38.54681,43.24779,33.84583
2017-11-29,47.11184,52.37644,41.84724,38.57858,43.26678,33.89039
2017-11-28,47.13632,52.38482,41.88782,38.56044,43.25391,33.86697
2017-11-27,47.14301,52.38539,41.90064,38.54377,43.24237,33.84516
2017-11-26,47.13607,52.37926,41.89288,38.56412,43.25162,33.87661
2017-11-25,47.18037,52.40303,41.95771,38.56549,43.26309,33.86788
2017-11-24,47.18218,52.39983,41.96452,38.55476,43.25795,33.85158
2017-11-23,47.17586,52.3924,41.95932,38.57326,43.26316,33.88336
2017-11-22,47.17408,52.39082,41.95733,38.58498,43.26979,33.90018
2017-11-21,47.17062,52.38332,41.95792,38.61324,43.28146,33.94501
2017-11-20,47.17544,52.38531,41.96556,38.62109,43.28591,33.95626
2017-11-19,47.15591,52.37456,41.93726,38.6763,43.32513,34.02747
2017-11-18,47.15933,52.37178,41.94688,38.67415,43.32076,34.02755
2017-11-17,47.16165,52.36875,41.95455,38.67667,43.31924,34.03409
2017-11-16,47.15925,52.36684,41.95166,38.66628,43.31376,34.0188
2017-11-15,47.48954,52.71545,42.26364,38.51366,43.20068,33.82664
2017-11-14,47.43468,52.6937,42.17566,38.54471,43.26679,33.82263
2017-11-13,47.32821,52.57442,42.08199,38.60668,43.37799,33.83537
2017-11-12,47.25145,52.52847,41.97442,38.47592,43.27149,33.68035
2017-11-11,47.20798,52.49606,41.91991,38.52604,43.30758,33.7445
2017-11-10,47.17521,52.47151,41.8789,38.54235,43.31541,33.76928
2017-11-09,46.80654,52.07974,41.53333,38.74792,43.55929,33.93655
2017-11-08,46.80564,52.07819,41.53308,38.73701,43.55157,33.92244
2017-11-07,46.8177,52.07623,41.55916,38.76471,43.5656,33.96383
2017-11-06,46.89322,52.11478,41.67165,38.73233,43.54984,33.91481
2017-11-05,46.83163,52.04348,41.61978,38.72309,43.56947,33.87672
2017-11-04,46.83632,52.04517,41.62747,38.73275,43.56881,33.89669
2017-11-03,46.84146,52.04942,41.63351,38.72364,43.56184,33.88544
2017-11-02,46.78245,51.99765,41.56725,38.74829,43.56865,33.92793
2017-11-01,46.76716,52.03176,41.50255,38.28885,42.95543,33.62227
2017-10-31,46.77709,52.02508,41.5291,38.23504,42.92167,33.54842
2017-10-30,47.02097,52.3648,41.67715,38.34804,43.12712,33.56897
2017-10-29,46.9198,52.27181,41.56779,38.27192,43.06376,33.48008
2017-10-28,46.96006,52.28592,41.63421,38.25982,43.0563,33.46333
2017-10-27,46.97791,52.29454,41.66127,38.24512,43.05364,33.4366
2017-10-26,46.94408,52.30629,41.58187,38.18012,42.99813,33.36211
2017-10-25,46.93014,52.29691,41.56336,38.19822,43.00829,33.38815
2017-10-24,46.56717,51.94067,41.19366,38.77254,43.5935,33.95158
2017-10-23,46.56252,51.94215,41.18288,38.83587,43.64333,34.02842
2017-10-22,46.57105,51.94523,41.19688,38.84957,43.64592,34.05321
2017-10-21,46.60044,51.9577,41.24318,38.85003,43.64211,34.05796
2017-10-20,46.63967,51.97774,41.30161,38.85396,43.64043,34.06748
2017-10-19,46.63409,51.97115,41.29704,38.87792,43.6472,34.10864
2017-10-18,46.63668,51.97259,41.30078,38.88698,43.65058,34.12338
2017-10-17,46.64377,51.97685,41.3107,38.88166,43.64624,34.11707
2017-10-16,46.62217,51.96391,41.28043,38.92997,43.6897,34.17025
2017-10-15,46.19064,51.38298,40.9983,39.13071,43.94513,34.31629
2017-10-14,46.3392,51.51562,41.16278,39.01608,43.81232,34.21985
2017-10-13,46.3652,51.5282,41.2022,39.01051,43.80504,34.21597
2017-10-12,46.40121,51.61802,41.18441,38.99185,43.7952,34.1885
2017-10-11,46.42175,51.63134,41.21216,38.99878,43.79674,34.20082
2017-10-10,46.39591,51.61987,41.17196,38.83503,43.64021,34.02986
2017-10-09,46.39727,51.61953,41.17501,38.86452,43.67082,34.05823
2017-10-08,46.41228,51.62636,41.19821,38.87548,43.67103,34.07993
2017-10-07,46.44252,51.64221,41.24284,38.87248,43.66497,34.07999
2017-10-06,46.34767,51.57264,41.1227,38.57064,43.29685,33.84444
2017-10-05,46.34592,51.56912,41.12273,38.59029,43.30329,33.87729
2017-10-04,46.35923,51.5797,41.13877,38.5905,43.30353,33.87746
2017-10-03,46.38909,51.58646,41.19171,38.65017,43.33115,33.96919
2017-10-02,46.38895,51.58885,41.18906,38.6601,43.3365,33.9837
2017-10-01,46.41552,51.60019,41.23084,38.62055,43.30402,33.93708
2017-09-30,46.40821,51.59589,41.22054,38.65259,43.31805,33.98713
2017-09-29,46.40648,51.59544,41.21751,38.67527,43.32933,34.02122
2017-09-28,46.42302,51.60343,41.2426,38.65917,43.31598,34.00237
2017-09-27,46.46949,51.62942,41.30957,38.63993,43.30518,33.97467
2017-09-26,46.69638,51.92587,41.4669,38.70516,43.42393,33.98639
2017-09-25,46.72461,51.97983,41.46938,38.76467,43.52918,34.00016
2017-09-24,46.75194,51.997,41.50688,38.73804,43.51527,33.96082
2017-09-23,46.75985,51.99945,41.52025,38.74265,43.51291,33.97239
2017-09-22,46.73614,51.97734,41.49494,38.77669,43.52332,34.03005
2017-09-21,46.71883,51.96546,41.47221,38.78325,43.52457,34.04193
2017-09-20,46.61685,51.9107,41.323,38.46859,43.17279,33.76439
2017-09-19,46.68517,51.94691,41.42342,38.4682,43.17275,33.76365
2017-09-18,46.59982,51.93324,41.26639,38.23755,42.92705,33.54806
2017-09-17,46.57343,51.91058,41.23627,38.26887,42.9539,33.58385
2017-09-16,46.6045,51.93158,41.27743,38.27292,42.95398,33.59186
2017-09-15,46.59354,51.91775,41.26933,38.27617,42.95401,33.59833
2017-09-14,46.58435,51.90635,41.26236,38.30017,42.96391,33.63644
2017-09-13,46.56833,51.89355,41.2431,38.3179,42.9759,33.6599
2017-09-12,46.5742,51.89293,41.25548,38.44426,43.03988,33.84865
2017-09-11,46.60566,51.91756,41.29377,38.49796,43.08304,33.91287
2017-09-10,46.60268,51.91468,41.29067,38.52552,43.09875,33.95229
2017-09-09,46.62088,51.92263,41.31914,38.52408,43.09404,33.95412
2017-09-08,46.63966,51.93118,41.34815,38.52381,43.09124,33.95638
2017-09-07,46.64492,51.93316,41.35669,38.52722,43.09132,33.96311
2017-09-06,46.68554,51.95573,41.41535,38.49465,43.06807,33.92122
2017-09-05,46.73388,51.97844,41.48932,38.54284,43.09393,33.99176
2017-09-04,46.7389,51.98209,41.49572,38.5479,43.09985,33.99596
2017-09-03,46.73098,51.97575,41.4862,38.52496,43.08425,33.96566
2017-09-02,46.71576,51.9654,41.46611,38.52457,43.07973,33.96942
2017-09-01,46.72109,51.97032,41.47186,38.52526,43.07941,33.9711
2017-08-31,46.74677,51.98302,41.51053,38.51167,43.06953,33.95381
2017-08-30,46.7883,52.00098,41.57563,38.49239,43.06059,33.92419
2017-08-29,46.8252,52.01875,41.63166,38.57202,43.09642,34.04762
2017-08-28,46.93942,52.13409,41.74475,38.40829,42.90355,33.91303
2017-08-27,46.93109,52.12452,41.73765,38.42961,42.90926,33.94997
2017-08-26,46.93081,52.12064,41.74098,38.43272,42.90914,33.95629
2017-08-25,46.91161,52.10778,41.71544,38.43987,42.91093,33.96881
2017-08-24,46.91761,52.10757,41.72765,38.44606,42.91169,33.98043
2017-08-23,46.91053,52.1044,41.71666,38.45145,42.91829,33.98462
2017-08-22,46.96451,52.15364,41.77538,38.55369,43.03396,34.07342
2017-08-21,46.94901,52.14369,41.75433,38.80647,43.27293,34.34001
2017-08-20,46.94981,52.1464,41.75321,38.82054,43.28262,34.35846
2017-08-19,46.99599,52.17538,41.81659,38.85271,43.31557,34.38986
2017-08-18,47.0373,52.19983,41.87476,38.86123,43.3185,34.40396
2017-08-17,47.11431,52.34564,41.88298,38.78311,43.2954,34.27081
2017-08-16,47.10002,52.33723,41.8628,38.82664,43.30951,34.34378
2017-08-15,47.11177,52.38573,41.83781,38.78865,43.2758,34.30151
2017-08-14,47.14596,52.41007,41.88185,38.81948,43.29615,34.34281
2017-08-13,47.15102,52.40903,41.89301,38.83564,43.29934,34.37193
2017-08-12,47.20079,52.53672,41.86485,38.62895,43.15083,34.10707
2017-08-11,47.20463,52.53545,41.87381,38.62088,43.14485,34.09691
2017-08-10,47.23029,52.55017,41.9104,38.62631,43.14525,34.10736
2017-08-09,47.23614,52.55452,41.91775,38.63617,43.15255,34.1198
2017-08-08,47.23901,52.54886,41.92915,38.6642,43.16629,34.16212
2017-08-07,47.23803,52.5466,41.92945,38.6648,43.17095,34.15865
2017-08-06,46.83884,52.13636,41.54131,38.41124,42.89325,33.92923
2017-08-05,46.81365,52.11806,41.50923,38.43772,42.90561,33.96982
2017-08-04,46.81446,52.11631,41.51262,38.42327,42.89508,33.95147
2017-08-03,46.84026,52.1278,41.55271,38.42025,42.8963,33.94419
2017-08-02,46.87876,52.14685,41.61066,38.40768,42.89268,33.92268
2017-08-01,46.69923,51.89852,41.49994,38.51077,43.02375,33.99779
2017-07-31,46.82244,52.08001,41.56488,38.43682,43.02417,33.84947
2017-07-30,46.82657,52.08431,41.56883,38.46989,43.04614,33.89364
2017-07-29,46.82519,52.08408,41.5663,38.54149,43.10538,33.9776
2017-07-28,46.7667,52.04457,41.48882,38.63885,43.15757,34.12013
2017-07-27,46.78214,52.05686,41.50741,38.63931,43.15968,34.11894
2017-07-26,46.74053,52.02911,41.45195,38.66378,43.17543,34.15213
2017-07-25,46.77657,52.05521,41.49792,38.70665,43.19991,34.21338
2017-07-24,46.85537,52.12972,41.58102,38.6943,43.1917,34.1969
2017-07-23,46.8766,52.13661,41.6166,38.67142,43.1769,34.16595
2017-07-22,46.90601,52.1483,41.66372,38.69889,43.18814,34.20964
2017-07-21,46.94849,52.16507,41.73191,38.72415,43.20005,34.24825
2017-07-20,46.96715,52.17203,41.76227,38.72298,43.19661,34.24936
2017-07-19,47.0233,52.20221,41.84439,38.70926,43.19131,34.22721
2017-07-18,47.04633,52.22007,41.87259,38.74165,43.2132,34.2701
2017-07-17,46.88561,52.06723,41.70399,38.69371,43.19533,34.19209
2017-07-16,46.8964,52.0726,41.7202,38.66561,43.18205,34.14916
2017-07-15,46.9339,52.09887,41.76892,38.64195,43.16032,34.12358
2017-07-14,46.93778,52.10094,41.77463,38.65548,43.16961,34.14135
2017-07-13,46.34658,51.39497,41.29819,38.76704,43.35016,34.18392
2017-07-12,46.39123,51.42305,41.35941,38.76581,43.35435,34.17727
2017-07-11,46.44035,51.45284,41.42787,38.89559,43.42924,34.36194
2017-07-10,46.45364,51.46198,41.4453,38.91554,43.44055,34.39053
2017-07-09,46.46951,51.47293,41.46608,38.92398,43.43924,34.40873
2017-07-08,46.48843,51.4834,41.49345,38.92237,43.43705,34.4077
2017-07-07,46.48034,51.47476,41.48591,38.94911,43.4486,34.44962
2017-07-06,46.47581,51.47211,41.47952,38.96325,43.45966,34.46684
2017-07-05,46.4577,51.45959,41.45581,38.95946,43.4593,34.45963
2017-07-04,46.55212,51.50146,41.60279,38.97547,43.46677,34.48417
2017-07-03,46.53236,51.4883,41.57643,38.96517,43.45864,34.4717
2017-07-02,46.53063,51.48792,41.57335,38.96311,43.45986,34.46637
2017-07-01,46.57553,51.50946,41.64161,38.94341,43.45297,34.43384
2017-06-30,46.59903,51.51972,41.67834,38.92469,43.4427,34.40668
2017-06-29,46.59264,51.51286,41.67242,38.94157,43.44794,34.4352
2017-06-28,46.59091,51.51206,41.66976,38.9292,43.44567,34.41273
2017-06-27,46.47245,51.43111,41.51378,38.55878,43.17474,33.94283
2017-06-26,46.44912,51.41289,41.48536,38.60893,43.19349,34.02437
2017-06-25,46.22076,51.22771,41.21382,38.62662,43.26382,33.98941
2017-06-24,46.28519,51.27161,41.29877,38.60323,43.23645,33.97
2017-06-23,46.30859,51.28571,41.33146,38.61768,43.24247,33.99288
2017-06-22,46.30865,51.28276,41.33453,38.62903,43.2472,34.01086
2017-06-21,46.35471,51.31985,41.38958,38.60004,43.23613,33.96395
2017-06-20,46.07865,50.98872,41.16858,38.36554,43.03655,33.69452
2017-06-19,46.04686,50.96196,41.13176,38.46207,43.10736,33.81678
2017-06-18,46.02514,50.94022,41.11006,38.51381,43.13344,33.89419
2017-06-17,45.98077,50.90052,41.06101,38.59926,43.18336,34.01517
2017-06-16,45.95294,50.87628,41.02959,38.58621,43.17272,33.9997
2017-06-15,45.95395,50.87438,41.03351,38.63037,43.20243,34.05831
2017-06-14,45.96902,50.886,41.05204,38.57899,43.16898,33.989
2017-06-13,46.09895,50.96941,41.22848,38.54833,43.14462,33.95203
2017-06-12,46.12861,50.99524,41.26199,38.51061,43.12817,33.89305
2017-06-11,45.88453,50.72836,41.0407,38.44344,43.08914,33.79773
2017-06-10,45.85941,50.70354,41.01529,38.44493,43.08997,33.79988
2017-06-09,45.82113,50.66782,40.97443,38.47421,43.10142,33.847
2017-06-08,45.8086,50.65315,40.96405,38.51409,43.12111,33.90708
2017-06-07,45.80342,50.64922,40.95763,38.5397,43.13882,33.94057
2017-06-06,45.43636,50.22696,40.64576,38.35842,42.99516,33.72168
2017-06-05,44.92675,49.68017,40.17333,38.2037,42.87608,33.53133
2017-06-04,44.87888,49.64568,40.11208,38.29945,42.95061,33.64829
2017-06-03,44.88162,49.65029,40.11295,38.27157,42.9358,33.60734
2017-06-02,44.83812,49.60198,40.07425,38.33481,42.96725,33.70237
2017-06-01,44.87814,49.63381,40.12247,38.37668,43.00055,33.75282
2017-05-31,44.84825,49.60562,40.09087,38.25547,42.86225,33.64868
2017-05-30,44.92205,49.63709,40.20701,38.34029,42.90996,33.77063
2017-05-29,44.97048,49.67276,40.2682,38.41693,42.96956,33.86431
2017-05-28,45.197,49.85028,40.54372,38.3661,42.92851,33.8037
2017-05-27,45.20474,49.85944,40.55003,38.51439,43.05019,33.97859
2017-05-26,45.49081,50.10275,40.87888,38.51482,43.05721,33.97243
2017-05-25,45.66988,50.26228,41.07747,38.65286,43.17802,34.1277
2017-05-24,45.77988,50.37152,41.18823,38.79729,43.31594,34.27863
2017-05-23,46.15731,50.69243,41.62218,39.02171,43.51822,34.52519
2017-05-22,46.19627,50.68869,41.70385,39.08649,43.55092,34.62206
2017-05-21,46.19459,50.68569,41.70348,39.09417,43.55764,34.6307
2017-05-20,46.19334,50.68322,41.70345,39.09966,43.56225,34.63707
2017-05-19,46.19197,50.68055,41.70339,39.10622,43.56778,34.64466
2017-05-18,46.18844,50.67569,41.7012,39.11496,43.5756,34.65432
2017-05-17,46.18415,50.67019,41.69811,39.1219,43.58182,34.66198
2017-05-16,46.21792,50.6617,41.77414,39.26698,43.67926,34.85469
2017-05-15,46.21133,50.65397,41.76869,39.27381,43.68535,34.86227
2017-05-14,46.05616,50.48539,41.62694,39.55384,43.94947,35.1582
2017-05-13,46.05013,50.47826,41.62199,39.55898,43.95385,35.16412
2017-05-12,46.04566,50.47247,41.61885,39.56344,43.95728,35.16961
2017-05-11,46.04636,50.44292,41.6498,39.63644,44.01144,35.26144
2017-05-10,46.04175,50.43749,41.64602,39.64114,44.01549,35.26678
2017-05-09,44.83015,49.21066,40.44965,40.0264,44.4069,35.6459
2017-05-08,44.83309,49.2128,40.45338,40.02834,44.40805,35.64864
2017-05-07,44.83643,49.2152,40.45766,40.03039,44.40916,35.65162
2017-05-06,44.8392,49.20264,40.47575,40.21222,44.57567,35.84877
2017-05-05,44.84174,49.20445,40.47903,40.21287,44.57558,35.85015
2017-05-04,44.84414,49.20617,40.4821,40.21423,44.57627,35.85219
2017-05-03,44.84615,49.2077,40.48459,40.2158,44.57736,35.85424
2017-05-02,44.97794,49.33789,40.61798,40.26557,44.62552,35.90561
2017-05-01,44.97901,49.33839,40.61963,40.26677,44.62615,35.90739
2017-04-30,44.99852,49.34116,40.65588,40.2748,44.61744,35.93215
2017-04-29,44.99945,49.34175,40.65715,40.27623,44.61853,35.93393
2017-04-28,45.00018,49.34208,40.65827,40.27708,44.61898,35.93518
2017-04-27,45.00109,49.34268,40.6595,40.2783,44.61988,35.93671
2017-04-26,45.00207,49.3433,40.66084,40.27968,44.62091,35.93845
2017-04-25,44.21138,48.65942,39.76335,40.03537,44.4834,35.58733
2017-04-24,44.31274,48.76897,39.85652,39.76336,44.21959,35.30714
2017-04-23,44.31416,48.76996,39.85835,39.76566,44.22146,35.30986
2017-04-22,44.31649,48.77196,39.86101,39.7694,44.22487,35.31392
2017-04-21,44.31843,48.77344,39.86341,39.77268,44.2277,35.31767
2017-04-20,43.40546,47.97594,38.83498,38.83375,43.40423,34.26327
2017-04-19,43.41034,47.9803,38.84039,38.84026,43.41022,34.27031
2017-04-18,43.74052,48.35062,39.13042,39.58223,44.19233,34.97213
2017-04-17,43.74553,48.35508,39.13599,39.58794,44.19749,34.9784
2017-04-16,43.74965,48.35876,39.14054,39.59254,44.20165,34.98343
2017-04-15,43.94449,48.5555,39.33347,39.54969,44.16071,34.93867
